"","Month","Year","City","Category Name","Store Number","Store Name","Pack","Bottles Sold","Sale (Dollars)","Bottle Volume (ml)","State Bottle Cost","State Bottle Retail","Volume Sold (Gallons)"
"1","11","2015","DES MOINES","BLENDED WHISKIES","2190","Central City Liquor, Inc.",16.4651162790698,283,3171.1,777.906976744186,319.02,478.64,55.38
"2","11","2015","DES MOINES","BLENDED WHISKIES","2248","Ingersoll Liquor and Beverage",12,90,897.66,900,82.5,123.78,18.81
"3","11","2015","DES MOINES","BLENDED WHISKIES","2527","Hy-Vee Food Store #5 / Des Moines",9.17647058823529,301,2761.28,1194.85294117647,238.68,358.07,83.32
"4","11","2015","DES MOINES","BLENDED WHISKIES","2528","Hy-Vee Food Store #3 / Des Moines",14.2,448,3033.38,871.666666666667,185.67,278.57,81.64
"5","11","2015","DES MOINES","BLENDED WHISKIES","2532","Hy-Vee Food Store #2 / Des Moines",13.0909090909091,288,1972.44,1114.77272727273,147.5,221.29,56.58
"6","11","2015","DES MOINES","BLENDED WHISKIES","2561","Hy-Vee Food Store / Fleur / DSM",10.8571428571429,213,2132.99,980.357142857143,204.47,306.74,53.29
"7","11","2015","DES MOINES","BLENDED WHISKIES","2626","Hy-Vee Drugstore / University / DSM",10.9565217391304,219,2064.92,902.173913043478,162.08,243.18,46.98
"8","11","2015","DES MOINES","BLENDED WHISKIES","2627","Hy-Vee Wine and Spirits #1",17.5384615384615,398,2006.13,840.384615384615,127.5,191.31,57.21
"9","11","2015","DES MOINES","BLENDED WHISKIES","2633","Hy-Vee #3 / BDI / Des Moines",11.6129032258065,747,7160.1,1024.1935483871,206.38,309.62,198.05
"10","11","2015","DES MOINES","BLENDED WHISKIES","2636","Hy-Vee Wine and Spirits / Hubbell",12.2857142857143,130,1161.12,1055.35714285714,91.45,137.2,31.61
"11","11","2015","DES MOINES","BLENDED WHISKIES","2852","CVS Pharmacy #10329 / Merle Hay",6,12,137.16,1750,7.62,11.43,5.55
"12","11","2015","DES MOINES","BLENDED WHISKIES","3400","Last Stop Beverage Shop",21.3333333333333,192,954.6,794.444444444444,49.81,74.73,23.31
"13","11","2015","DES MOINES","BLENDED WHISKIES","3696","Wal-Mart 1723 / Des Moines",6,18,243.36,1750,27.04,40.56,8.31
"14","11","2015","DES MOINES","BLENDED WHISKIES","3772","Shop N Save #1 / Mlk Pkwy",15,90,431.76,833.333333333333,23.59,35.41,15.46
"15","11","2015","DES MOINES","BLENDED WHISKIES","3778","Family Pantry",7.2,15,260.42,1500,54.01,81.02,6.61
"16","11","2015","DES MOINES","BLENDED WHISKIES","3785","Southside Tobacco and Liquor",20.4,87,344.38,815,29.59,44.4,8.95
"17","11","2015","DES MOINES","BLENDED WHISKIES","3825","Shop N Save #2 / E 14th",17,59,362.11,866.666666666667,25.07,37.63,13.34
"18","11","2015","DES MOINES","BLENDED WHISKIES","3877","Target Store T-2041 / Des Moines",6,6,107.64,1750,11.96,17.94,2.77
"19","11","2015","DES MOINES","BLENDED WHISKIES","4057","Tequila's Liquor Store",15.75,126,562.92,765.625,28.88,43.34,20.22
"20","11","2015","DES MOINES","BLENDED WHISKIES","4062","H and A Mini Mart Corp",14,42,260.64,958.333333333333,14.78,22.18,7.53
"21","11","2015","DES MOINES","BLENDED WHISKIES","4140","Fareway Stores #900 / Euclid",15,30,171.18,1062.5,13.02,19.53,5.15
"22","11","2015","DES MOINES","BLENDED WHISKIES","4141","Fareway Stores #975 / SE 22nd / DSM",9.6,32,356.84,1150,38.01,57.02,9.5
"23","11","2015","DES MOINES","BLENDED WHISKIES","4169","Super Quick 2 / Hubbell",10,42,281.04,1166.66666666667,15.74,23.62,10.7
"24","11","2015","DES MOINES","BLENDED WHISKIES","4186","H and A Mini Mart / Phillips 66",12,12,79.2,1000,4.4,6.6,3.17
"25","11","2015","DES MOINES","BLENDED WHISKIES","4273","Smokin' Joe's #4 Tobacco and Liquor",18.8,120,590.76,881.666666666667,69.59,104.4,21.14
"26","11","2015","DES MOINES","BLENDED WHISKIES","4295","Nat Food Mart #1 / Hubbell",10.8,42,265.5,1325,29.66,44.5,10.1
"27","11","2015","DES MOINES","BLENDED WHISKIES","4343","Best Food Mart / Des Moines",12,12,62.28,750,3.46,5.19,2.38
"28","11","2015","DES MOINES","BLENDED WHISKIES","4361","Quik Trip #538 / NW 2nd / DSM",24,13,68.25,375,10.5,15.75,1.29
"29","11","2015","DES MOINES","BLENDED WHISKIES","4377","Quik Trip #562 / NE 14th / DSM",32,17,71.17,316.666666666667,8.99,13.49,1.32
"30","11","2015","DES MOINES","BLENDED WHISKIES","4478","U S Gas",10.2857142857143,61,455.61,1267.85714285714,48.9,73.36,13.14
"31","11","2015","DES MOINES","BLENDED WHISKIES","4511","Super Quick / SE 30 DM",14,9,60.65,1041.66666666667,15.48,23.23,1.95
"32","11","2015","DES MOINES","BLENDED WHISKIES","4595","Quik Trip #559 / Fleur Dr DM",24,6,31.5,375,3.5,5.25,0.59
"33","11","2015","DES MOINES","BLENDED WHISKIES","4596","Quik Trip #534 / E University DM",36,9,38.21,287.5,5.49,8.24,0.71
"34","11","2015","DES MOINES","BLENDED WHISKIES","4597","Quik Trip #523 / Army Post DM",24,5,26.25,375,7,10.5,0.5
"35","11","2015","DES MOINES","BLENDED WHISKIES","4599","Quik Trip #500 / Hubbell DM",36,8,37.48,287.5,5.49,8.24,0.7
"36","11","2015","DES MOINES","BLENDED WHISKIES","4600","Kum & Go #207 / Hubbell DM",12,12,126,750,7,10.5,2.38
"37","11","2015","DES MOINES","BLENDED WHISKIES","4617","Lickety Liquor",10.8,96,589.1,1183.33333333333,109.95,164.95,17.9
"38","11","2015","DES MOINES","BLENDED WHISKIES","4641","Kum & Go #573 / SE 14th DM",12,3,31.5,750,7,10.5,0.59
"39","11","2015","DES MOINES","BLENDED WHISKIES","4669","Vom Fass / Des Moines",4.5,9,214.05,562.5,34.95,52.43,1.18
"40","11","2015","DES MOINES","BLENDED WHISKIES","4795","Walgreens #00359 / Des Moines",8,24,341.28,1416.66666666667,30.92,46.38,7.92
"41","11","2015","DES MOINES","BLENDED WHISKIES","4796","Walgreens #04714 / Des Moines",6,6,107.64,1750,11.96,17.94,2.77
"42","11","2015","DES MOINES","BLENDED WHISKIES","4799","Walgreens #05777 / Des Moines",6,6,88.08,1750,19.57,29.36,2.78
"43","11","2015","DES MOINES","BLENDED WHISKIES","4800","Walgreens #07968 / Des Moines",6,6,68.52,1750,7.61,11.42,2.77
"44","11","2015","DES MOINES","BLENDED WHISKIES","4801","Walgreens #05852 / Des Moines",6,12,137.04,1750,15.22,22.84,5.54
"45","11","2015","DES MOINES","BLENDED WHISKIES","4802","Walgreens #07452 / Des Moines",6,12,167.7,1750,18.63,27.95,5.54
"46","11","2015","DES MOINES","BLENDED WHISKIES","4804","Walgreens #07833 / Des Moines",6,6,107.64,1750,11.96,17.94,2.77
"47","11","2015","DES MOINES","BLENDED WHISKIES","4829","Central City 2",11.5862068965517,646,6897.94,974.137931034483,206.76,310.19,166.97
"48","11","2015","DES MOINES","BLENDED WHISKIES","4974","Super Stop  SE 14th",18,36,134.28,562.5,5.46,8.19,4.76
"49","11","2015","DES MOINES","BLENDED WHISKIES","4997","Downtown Pantry",18.4285714285714,336,1464.12,805.357142857143,61.21,91.87,47.09
"50","11","2015","DES MOINES","BLENDED WHISKIES","5051","Oasis",14,37,145.47,958.333333333333,12.92,19.38,5.22
"51","11","2015","DES MOINES","BLENDED WHISKIES","5057","Kum & Go #535 / Des Moines",12,12,126,750,7,10.5,2.38
"52","11","2015","DES MOINES","BLENDED WHISKIES","5125","Cash Saver  /  E Euclid Ave",9.75,162,1170.06,1226.5625,91.56,137.37,43.98
"53","11","2015","DES MOINES","BLENDED WHISKIES","5126","Price Chopper  /  Merle Hay",6.85714285714286,48,580.56,1607.14285714286,61,91.51,19
"54","11","2015","DES MOINES","BLENDED WHISKIES","5127","Price Chopper  /  Ingersoll",8.5,101,916.62,1270.83333333333,81.54,122.33,30.3
"55","11","2015","DES MOINES","BLENDED WHISKIES","5128","Price Chopper  /  Beaver",9.75,60,679.98,1125,67.18,100.78,16.63
"56","11","2015","DES MOINES","BLENDED WHISKIES","5129","Cash Saver  /  Fleur",8.4,84,762.54,1350,70.63,105.95,26.14
"57","11","2015","DES MOINES","BLENDED WHISKIES","5131","Oasis",28,22,105.06,441.666666666667,9.16,13.75,3.1
"58","11","2015","DES MOINES","BLENDED WHISKIES","5132","Phillips 66",33.8181818181818,32,102.88,381.818181818182,25,37.52,3.28
"59","11","2015","DES MOINES","BLENDED WHISKIES","5137","Shop N Save  /  NW 2nd  DSM",36,33,103.41,287.5,8.97,13.47,3
"60","11","2015","DES MOINES","BLENDED WHISKIES","5145","South Side Food Mart",21.6,155,811.58,727.5,50.33,75.51,20.61
"61","11","2015","DES MOINES","BLENDED WHISKIES","5169","AV Superstop",24,6,31.5,375,3.5,5.25,0.59
"62","11","2015","DES MOINES","CANADIAN WHISKIES","2190","Central City Liquor, Inc.",15.8372093023256,711,7933.26,826.162790697674,918.77,1378.66,140.58
"63","11","2015","DES MOINES","CANADIAN WHISKIES","2248","Ingersoll Liquor and Beverage",12.6,95,1688.37,966.25,238.7,358.35,23.62
"64","11","2015","DES MOINES","CANADIAN WHISKIES","2527","Hy-Vee Food Store #5 / Des Moines",12.75,248,2148.19,912.5,200.24,300.67,45.82
"65","11","2015","DES MOINES","CANADIAN WHISKIES","2528","Hy-Vee Food Store #3 / Des Moines",15.5294117647059,854,11587.71,682.352941176471,266.43,399.98,143.63
"66","11","2015","DES MOINES","CANADIAN WHISKIES","2532","Hy-Vee Food Store #2 / Des Moines",13.2,373,3758.47,850.833333333333,234.38,351.9,69.46
"67","11","2015","DES MOINES","CANADIAN WHISKIES","2561","Hy-Vee Food Store / Fleur / DSM",16.375,287,2971.01,914.0625,310.92,466.47,53.38
"68","11","2015","DES MOINES","CANADIAN WHISKIES","2626","Hy-Vee Drugstore / University / DSM",13.1111111111111,443,3712.73,767.222222222222,363.95,546.53,74.12
"69","11","2015","DES MOINES","CANADIAN WHISKIES","2627","Hy-Vee Wine and Spirits #1",15.2452830188679,794,6204.47,840.094339622642,406.28,610.33,127.02
"70","11","2015","DES MOINES","CANADIAN WHISKIES","2633","Hy-Vee #3 / BDI / Des Moines",10.7826086956522,3228,71157.84,1003.6231884058,887.95,1332.12,830.55
"71","11","2015","DES MOINES","CANADIAN WHISKIES","2636","Hy-Vee Wine and Spirits / Hubbell",13.0769230769231,644,12271.84,862.5,296.34,444.61,133.76
"72","11","2015","DES MOINES","CANADIAN WHISKIES","2850","CVS / Pharmacy #10161 / Des Moines",12,12,94.2,750,5.23,7.85,2.38
"73","11","2015","DES MOINES","CANADIAN WHISKIES","2852","CVS Pharmacy #10329 / Merle Hay",9,36,369.18,1250,30.3,45.46,10.3
"74","11","2015","DES MOINES","CANADIAN WHISKIES","3400","Last Stop Beverage Shop",18.1818181818182,600,4560.16,656.818181818182,220.32,330.58,69.04
"75","11","2015","DES MOINES","CANADIAN WHISKIES","3678","Smoke Shop, The",10,86,1556.32,988.461538461538,182.57,273.89,21.12
"76","11","2015","DES MOINES","CANADIAN WHISKIES","3696","Wal-Mart 1723 / Des Moines",9.2,150,2459.4,1216.66666666667,171.4,257.14,43.99
"77","11","2015","DES MOINES","CANADIAN WHISKIES","3772","Shop N Save #1 / Mlk Pkwy",26.8888888888889,266,2170.58,375,57.86,86.81,21.77
"78","11","2015","DES MOINES","CANADIAN WHISKIES","3778","Family Pantry",17.4736842105263,123,1021.8,610.526315789474,139.91,209.92,15.98
"79","11","2015","DES MOINES","CANADIAN WHISKIES","3785","Southside Tobacco and Liquor",16.125,107,956.82,625,121.5,182.54,18.74
"80","11","2015","DES MOINES","CANADIAN WHISKIES","3825","Shop N Save #2 / E 14th",25.7333333333333,326,1827.18,423.333333333333,71.29,107.23,26.38
"81","11","2015","DES MOINES","CANADIAN WHISKIES","3877","Target Store T-2041 / Des Moines",6,18,476.1,1750,52.89,79.35,8.31
"82","11","2015","DES MOINES","CANADIAN WHISKIES","4057","Tequila's Liquor Store",12.2857142857143,59,578.12,603.571428571429,109.38,164.1,7.73
"83","11","2015","DES MOINES","CANADIAN WHISKIES","4062","H and A Mini Mart Corp",15.3333333333333,138,810.46,533.333333333333,113.99,171.03,14.88
"84","11","2015","DES MOINES","CANADIAN WHISKIES","4140","Fareway Stores #900 / Euclid",13.4285714285714,71,574.67,907.142857142857,46.08,69.14,14.37
"85","11","2015","DES MOINES","CANADIAN WHISKIES","4141","Fareway Stores #975 / SE 22nd / DSM",9.6,32,316.46,1150,35.57,53.61,9.5
"86","11","2015","DES MOINES","CANADIAN WHISKIES","4169","Super Quick 2 / Hubbell",21,95,525.19,741.666666666667,63.67,95.53,9.6
"87","11","2015","DES MOINES","CANADIAN WHISKIES","4186","H and A Mini Mart / Phillips 66",13.6,21,293.52,580,98.49,147.75,3.12
"88","11","2015","DES MOINES","CANADIAN WHISKIES","4273","Smokin' Joe's #4 Tobacco and Liquor",17,214,2001.06,663.888888888889,169.8,254.75,29.37
"89","11","2015","DES MOINES","CANADIAN WHISKIES","4295","Nat Food Mart #1 / Hubbell",20.8888888888889,140,674.04,383.333333333333,105.27,157.98,12.18
"90","11","2015","DES MOINES","CANADIAN WHISKIES","4301","Sahota Food Mart",20,86,580.05,445,27.17,40.77,7.8
"91","11","2015","DES MOINES","CANADIAN WHISKIES","4343","Best Food Mart / Des Moines",23.7777777777778,160,697.66,597.222222222222,47.37,71.08,13.73
"92","11","2015","DES MOINES","CANADIAN WHISKIES","4361","Quik Trip #538 / NW 2nd / DSM",13.2222222222222,189,1531.36,652.777777777778,114.45,171.75,30.86
"93","11","2015","DES MOINES","CANADIAN WHISKIES","4377","Quik Trip #562 / NE 14th / DSM",13.0769230769231,102,678.35,623.076923076923,94.48,141.75,12.93
"94","11","2015","DES MOINES","CANADIAN WHISKIES","4478","U S Gas",15.7142857142857,190,1513.07,694.047619047619,169.48,254.28,27.9
"95","11","2015","DES MOINES","CANADIAN WHISKIES","4511","Super Quick / SE 30 DM",21.4,150,927.34,567.5,65,97.53,16.44
"96","11","2015","DES MOINES","CANADIAN WHISKIES","4594","Quik Trip #554 / SW 63rd DM",11.75,62,654.8,678.125,62.37,93.58,10.87
"97","11","2015","DES MOINES","CANADIAN WHISKIES","4595","Quik Trip #559 / Fleur Dr DM",20.4,96,546.24,765,35.31,52.98,11.26
"98","11","2015","DES MOINES","CANADIAN WHISKIES","4596","Quik Trip #534 / E University DM",16.6666666666667,165,966.98,581.25,67.42,101.17,18.57
"99","11","2015","DES MOINES","CANADIAN WHISKIES","4597","Quik Trip #523 / Army Post DM",17,156,992.48,642.1875,109.07,163.65,20.4
"100","11","2015","DES MOINES","CANADIAN WHISKIES","4598","Quik Trip #501 / E Euclid DM",18.5,23,218.9,425,25.99,38.99,2.01
"101","11","2015","DES MOINES","CANADIAN WHISKIES","4599","Quik Trip #500 / Hubbell DM",14.5,74,584.16,533.333333333333,76.28,114.47,10.57
"102","11","2015","DES MOINES","CANADIAN WHISKIES","4600","Kum & Go #207 / Hubbell DM",9.2,122,1256.2,1060,77.42,116.18,29.72
"103","11","2015","DES MOINES","CANADIAN WHISKIES","4601","Kum & Go #4110 / Guthrie DM",14.6666666666667,61,565.02,619.444444444444,60.37,90.59,10.28
"104","11","2015","DES MOINES","CANADIAN WHISKIES","4603","Kum & Go #208 / SE 14th DM",15.7777777777778,62,377.12,788.888888888889,47.38,71.11,9.94
"105","11","2015","DES MOINES","CANADIAN WHISKIES","4617","Lickety Liquor",11.5,152,1978.16,961.458333333333,329.45,494.27,24.31
"106","11","2015","DES MOINES","CANADIAN WHISKIES","4622","Quik Trip #544 / SE 14th DM",18.9333333333333,238,1191.37,416.666666666667,82.55,123.87,21.91
"107","11","2015","DES MOINES","CANADIAN WHISKIES","4641","Kum & Go #573 / SE 14th DM",15.6363636363636,153,1009.75,685.227272727273,123.32,185.07,23.94
"108","11","2015","DES MOINES","CANADIAN WHISKIES","4795","Walgreens #00359 / Des Moines",9,48,740.52,1250,41.13,61.71,15.85
"109","11","2015","DES MOINES","CANADIAN WHISKIES","4796","Walgreens #04714 / Des Moines",6,6,94.08,1750,10.45,15.68,2.77
"110","11","2015","DES MOINES","CANADIAN WHISKIES","4799","Walgreens #05777 / Des Moines",9,36,397.02,1250,41.13,61.71,9.51
"111","11","2015","DES MOINES","CANADIAN WHISKIES","4801","Walgreens #05852 / Des Moines",10.2857142857143,64,654.96,1035.71428571429,66.59,99.91,15.86
"112","11","2015","DES MOINES","CANADIAN WHISKIES","4802","Walgreens #07452 / Des Moines",9,108,1318.2,1250,71.91,107.89,30.92
"113","11","2015","DES MOINES","CANADIAN WHISKIES","4803","Walgreens #07453 / Des Moines",10.5,54,470.88,1000,26.14,39.23,12.29
"114","11","2015","DES MOINES","CANADIAN WHISKIES","4804","Walgreens #07833 / Des Moines",12,36,494.4,750,22.23,33.35,7.14
"115","11","2015","DES MOINES","CANADIAN WHISKIES","4829","Central City 2",11.2363636363636,2431,54923.22,1018.18181818182,791.78,1187.88,623.52
"116","11","2015","DES MOINES","CANADIAN WHISKIES","4849","C Fresh Market",10,5,55.15,300,7.35,11.03,0.4
"117","11","2015","DES MOINES","CANADIAN WHISKIES","4926","GS Super Stop",22.4,37,198.15,310,25.39,38.1,3.42
"118","11","2015","DES MOINES","CANADIAN WHISKIES","4942","East Village Pantry",10,10,110.3,300,7.35,11.03,0.79
"119","11","2015","DES MOINES","CANADIAN WHISKIES","4974","Super Stop  SE 14th",14.1428571428571,75,429.39,1050,67.76,101.66,9.63
"120","11","2015","DES MOINES","CANADIAN WHISKIES","4997","Downtown Pantry",14.8,138,1295.16,722.5,81.75,122.65,21.42
"121","11","2015","DES MOINES","CANADIAN WHISKIES","5051","Oasis",14.5454545454545,40,288.93,475,79.16,118.76,4.35
"122","11","2015","DES MOINES","CANADIAN WHISKIES","5057","Kum & Go #535 / Des Moines",15.3846153846154,75,773.57,532.692307692308,85.37,128.11,11.92
"123","11","2015","DES MOINES","CANADIAN WHISKIES","5125","Cash Saver  /  E Euclid Ave",12.0645161290323,410,4400.22,1036.29032258065,293.83,441.07,84.11
"124","11","2015","DES MOINES","CANADIAN WHISKIES","5126","Price Chopper  /  Merle Hay",10.8235294117647,218,2659.86,1108.82352941176,155.99,234.03,60.56
"125","11","2015","DES MOINES","CANADIAN WHISKIES","5127","Price Chopper  /  Ingersoll",10.1428571428571,133,1671,953.571428571429,128.97,193.49,34.21
"126","11","2015","DES MOINES","CANADIAN WHISKIES","5128","Price Chopper  /  Beaver",11.8888888888889,174,1662.44,1012.5,126.03,189.6,43.71
"127","11","2015","DES MOINES","CANADIAN WHISKIES","5129","Cash Saver  /  Fleur",9.75,96,1046.04,1125,62.43,93.91,25.37
"128","11","2015","DES MOINES","CANADIAN WHISKIES","5131","Oasis",14.9333333333333,190,1456.71,500,117.03,175.59,18.13
"129","11","2015","DES MOINES","CANADIAN WHISKIES","5132","Phillips 66",20,159,1011.77,553.75,156.49,234.77,15.63
"130","11","2015","DES MOINES","CANADIAN WHISKIES","5137","Shop N Save  /  NW 2nd  DSM",21.3333333333333,119,540.83,433.333333333333,27.08,40.64,11.35
"131","11","2015","DES MOINES","CANADIAN WHISKIES","5145","South Side Food Mart",22,165,1279.71,544.230769230769,73.23,109.89,19.29
"132","11","2015","DES MOINES","CANADIAN WHISKIES","5169","AV Superstop",13.4545454545455,30,437.18,879.545454545455,145.9,218.89,5.58
"133","11","2015","DES MOINES","IRISH WHISKIES","2190","Central City Liquor, Inc.",12,166,4381.4,765,477.79,716.77,34.56
"134","11","2015","DES MOINES","IRISH WHISKIES","2248","Ingersoll Liquor and Beverage",12.2857142857143,148,3318.62,703.571428571429,228.16,342.27,26.97
"135","11","2015","DES MOINES","IRISH WHISKIES","2527","Hy-Vee Food Store #5 / Des Moines",13.5,36,856.86,906.25,65.21,97.83,8.12
"136","11","2015","DES MOINES","IRISH WHISKIES","2528","Hy-Vee Food Store #3 / Des Moines",19.3333333333333,20,233.04,450,25.36,38.04,2.22
"137","11","2015","DES MOINES","IRISH WHISKIES","2532","Hy-Vee Food Store #2 / Des Moines",12,29,632.1,750,59.48,89.23,5.75
"138","11","2015","DES MOINES","IRISH WHISKIES","2561","Hy-Vee Food Store / Fleur / DSM",12,44,1077.1,696.153846153846,189.79,284.7,8.54
"139","11","2015","DES MOINES","IRISH WHISKIES","2626","Hy-Vee Drugstore / University / DSM",15.6,73,1183.2,662.5,126.04,189.09,10.87
"140","11","2015","DES MOINES","IRISH WHISKIES","2627","Hy-Vee Wine and Spirits #1",14,13,225.08,643.75,48.99,73.49,2.13
"141","11","2015","DES MOINES","IRISH WHISKIES","2633","Hy-Vee #3 / BDI / Des Moines",12,941,25964.98,954.545454545455,186.54,279.86,246.98
"142","11","2015","DES MOINES","IRISH WHISKIES","2636","Hy-Vee Wine and Spirits / Hubbell",20,16,373.32,583.333333333333,31.97,47.96,3.57
"143","11","2015","DES MOINES","IRISH WHISKIES","2852","CVS Pharmacy #10329 / Merle Hay",9,30,796.2,1250,43.48,65.23,7.53
"144","11","2015","DES MOINES","IRISH WHISKIES","3400","Last Stop Beverage Shop",12,24,602.76,875,33.48,50.23,5.55
"145","11","2015","DES MOINES","IRISH WHISKIES","3678","Smoke Shop, The",12,7,153.75,750,43.75,65.63,1.39
"146","11","2015","DES MOINES","IRISH WHISKIES","3785","Southside Tobacco and Liquor",15.3333333333333,5,83.02,575,33.61,50.42,0.76
"147","11","2015","DES MOINES","IRISH WHISKIES","3825","Shop N Save #2 / E 14th",18,5,75.31,562.5,21.73,32.6,0.7
"148","11","2015","DES MOINES","IRISH WHISKIES","3877","Target Store T-2041 / Des Moines",9,18,526.32,1250,43.48,65.23,5.15
"149","11","2015","DES MOINES","IRISH WHISKIES","4057","Tequila's Liquor Store",12,2,44.98,750,14.99,22.49,0.4
"150","11","2015","DES MOINES","IRISH WHISKIES","4062","H and A Mini Mart Corp",18,7,107.91,562.5,21.73,32.6,0.99
"151","11","2015","DES MOINES","IRISH WHISKIES","4141","Fareway Stores #975 / SE 22nd / DSM",12,4,89.96,750,14.99,22.49,0.79
"152","11","2015","DES MOINES","IRISH WHISKIES","4169","Super Quick 2 / Hubbell",12,3,67.47,750,14.99,22.49,0.59
"153","11","2015","DES MOINES","IRISH WHISKIES","4186","H and A Mini Mart / Phillips 66",12,2,44.98,750,14.99,22.49,0.4
"154","11","2015","DES MOINES","IRISH WHISKIES","4273","Smokin' Joe's #4 Tobacco and Liquor",16.4,7,115.62,570,55.34,83.02,1.06
"155","11","2015","DES MOINES","IRISH WHISKIES","4301","Sahota Food Mart",18,8,130.4,562.5,21.73,32.6,1.19
"156","11","2015","DES MOINES","IRISH WHISKIES","4478","U S Gas",18,27,310.11,562.5,21.73,32.6,2.97
"157","11","2015","DES MOINES","IRISH WHISKIES","4511","Super Quick / SE 30 DM",24,4,40.44,375,6.74,10.11,0.4
"158","11","2015","DES MOINES","IRISH WHISKIES","4603","Kum & Go #208 / SE 14th DM",12,1,22.49,750,14.99,22.49,0.2
"159","11","2015","DES MOINES","IRISH WHISKIES","4669","Vom Fass / Des Moines",3,3,131.85,750,29.3,43.95,0.59
"160","11","2015","DES MOINES","IRISH WHISKIES","4795","Walgreens #00359 / Des Moines",12,12,269.88,750,14.99,22.49,2.38
"161","11","2015","DES MOINES","IRISH WHISKIES","4801","Walgreens #05852 / Des Moines",12,9,202.41,750,29.98,44.98,1.78
"162","11","2015","DES MOINES","IRISH WHISKIES","4802","Walgreens #07452 / Des Moines",12,12,269.88,750,14.99,22.49,2.38
"163","11","2015","DES MOINES","IRISH WHISKIES","4803","Walgreens #07453 / Des Moines",12,12,269.88,750,14.99,22.49,2.38
"164","11","2015","DES MOINES","IRISH WHISKIES","4829","Central City 2",10.9565217391304,1086,30219.42,1032.60869565217,440.7,661.15,288.08
"165","11","2015","DES MOINES","IRISH WHISKIES","4997","Downtown Pantry",13.5,54,1038.84,906.25,65.21,97.83,9.91
"166","11","2015","DES MOINES","IRISH WHISKIES","5125","Cash Saver  /  E Euclid Ave",12,12,269.88,750,14.99,22.49,2.38
"167","11","2015","DES MOINES","IRISH WHISKIES","5126","Price Chopper  /  Merle Hay",12,10,207.78,750,27.88,41.82,1.98
"168","11","2015","DES MOINES","IRISH WHISKIES","5127","Price Chopper  /  Ingersoll",12,48,1041.6,750,57.86,86.8,9.52
"169","11","2015","DES MOINES","IRISH WHISKIES","5128","Price Chopper  /  Beaver",12,8,162,750,27,40.5,1.58
"170","11","2015","DES MOINES","IRISH WHISKIES","5129","Cash Saver  /  Fleur",12,12,269.88,750,14.99,22.49,2.38
"171","11","2015","DES MOINES","IRISH WHISKIES","5132","Phillips 66",12,2,44.98,750,29.98,44.98,0.4
"172","11","2015","DES MOINES","SCOTCH WHISKIES","2190","Central City Liquor, Inc.",10.2,93,2879.76,887.5,723.33,1085.32,22.47
"173","11","2015","DES MOINES","SCOTCH WHISKIES","2248","Ingersoll Liquor and Beverage",9,124,4815.5,931.25,573.56,860.41,29.51
"174","11","2015","DES MOINES","SCOTCH WHISKIES","2527","Hy-Vee Food Store #5 / Des Moines",10.2857142857143,53,805.96,1071.42857142857,84.38,126.59,14.46
"175","11","2015","DES MOINES","SCOTCH WHISKIES","2528","Hy-Vee Food Store #3 / Des Moines",9.75,52,1536.12,906.25,154.99,232.5,12.16
"176","11","2015","DES MOINES","SCOTCH WHISKIES","2532","Hy-Vee Food Store #2 / Des Moines",7.5,20,343.66,1500,47.67,71.77,8.71
"177","11","2015","DES MOINES","SCOTCH WHISKIES","2561","Hy-Vee Food Store / Fleur / DSM",12.4,79,1653.39,958.333333333333,205.22,308.13,21.99
"178","11","2015","DES MOINES","SCOTCH WHISKIES","2626","Hy-Vee Drugstore / University / DSM",10.125,80,1208.95,1000,229.05,343.64,22.19
"179","11","2015","DES MOINES","SCOTCH WHISKIES","2627","Hy-Vee Wine and Spirits #1",12,92,1572.01,806.818181818182,191.03,286.59,17.44
"180","11","2015","DES MOINES","SCOTCH WHISKIES","2633","Hy-Vee #3 / BDI / Des Moines",11,384,9899.56,979.166666666667,637.7,956.84,100.18
"181","11","2015","DES MOINES","SCOTCH WHISKIES","2636","Hy-Vee Wine and Spirits / Hubbell",10.8,14,285.74,1050,73.89,110.85,4.63
"182","11","2015","DES MOINES","SCOTCH WHISKIES","2852","CVS Pharmacy #10329 / Merle Hay",12,6,130.44,750,14.49,21.74,1.19
"183","11","2015","DES MOINES","SCOTCH WHISKIES","3400","Last Stop Beverage Shop",6,6,96.06,1750,10.67,16.01,2.77
"184","11","2015","DES MOINES","SCOTCH WHISKIES","3678","Smoke Shop, The",9,8,347.92,750,50.98,76.48,1.59
"185","11","2015","DES MOINES","SCOTCH WHISKIES","3696","Wal-Mart 1723 / Des Moines",12,12,260.88,750,14.49,21.74,2.38
"186","11","2015","DES MOINES","SCOTCH WHISKIES","3778","Family Pantry",14.4,19,361.23,675,63.1,94.67,3.36
"187","11","2015","DES MOINES","SCOTCH WHISKIES","3785","Southside Tobacco and Liquor",18,2,33.74,562.5,22.49,33.74,0.3
"188","11","2015","DES MOINES","SCOTCH WHISKIES","3825","Shop N Save #2 / E 14th",15,5,154.48,562.5,47.49,71.24,0.7
"189","11","2015","DES MOINES","SCOTCH WHISKIES","4057","Tequila's Liquor Store",12,352,14453.31,895.833333333333,156.44,234.69,74.6
"190","11","2015","DES MOINES","SCOTCH WHISKIES","4062","H and A Mini Mart Corp",10.5,6,221.19,750,104.46,156.71,1.2
"191","11","2015","DES MOINES","SCOTCH WHISKIES","4140","Fareway Stores #900 / Euclid",12,5,106.42,750,42.71,64.08,1
"192","11","2015","DES MOINES","SCOTCH WHISKIES","4141","Fareway Stores #975 / SE 22nd / DSM",6,6,97.62,1750,10.68,16.27,2.77
"193","11","2015","DES MOINES","SCOTCH WHISKIES","4186","H and A Mini Mart / Phillips 66",12,1,21.74,750,14.49,21.74,0.2
"194","11","2015","DES MOINES","SCOTCH WHISKIES","4273","Smokin' Joe's #4 Tobacco and Liquor",21,8,106.26,468.75,35.41,53.13,1
"195","11","2015","DES MOINES","SCOTCH WHISKIES","4478","U S Gas",18,33,291.86,562.5,40.19,60.3,3.96
"196","11","2015","DES MOINES","SCOTCH WHISKIES","4511","Super Quick / SE 30 DM",6,3,177.72,750,39.49,59.24,0.59
"197","11","2015","DES MOINES","SCOTCH WHISKIES","4617","Lickety Liquor",12,4,131.96,750,21.99,32.99,0.79
"198","11","2015","DES MOINES","SCOTCH WHISKIES","4669","Vom Fass / Des Moines",5.4,81,1450.86,270,207.26,310.94,4.63
"199","11","2015","DES MOINES","SCOTCH WHISKIES","4802","Walgreens #07452 / Des Moines",6,6,96.06,1750,10.67,16.01,2.77
"200","11","2015","DES MOINES","SCOTCH WHISKIES","4829","Central City 2",11.5714285714286,411,10391.1,973.214285714286,597.08,895.63,107.59
"201","11","2015","DES MOINES","SCOTCH WHISKIES","4849","C Fresh Market",12,12,260.88,750,14.49,21.74,2.38
"202","11","2015","DES MOINES","SCOTCH WHISKIES","4942","East Village Pantry",24,24,115.68,375,3.21,4.82,2.38
"203","11","2015","DES MOINES","SCOTCH WHISKIES","4974","Super Stop  SE 14th",12,2,62.98,750,20.99,31.49,0.4
"204","11","2015","DES MOINES","SCOTCH WHISKIES","4997","Downtown Pantry",10.5,32,974.68,750,82.46,123.71,6.35
"205","11","2015","DES MOINES","SCOTCH WHISKIES","5051","Oasis",6,1,41.24,1750,27.49,41.24,0.46
"206","11","2015","DES MOINES","SCOTCH WHISKIES","5125","Cash Saver  /  E Euclid Ave",9.6,48,744.12,1150,51.85,78.28,12.68
"207","11","2015","DES MOINES","SCOTCH WHISKIES","5126","Price Chopper  /  Merle Hay",9.5,98,1499.42,1166.66666666667,132.53,199.09,27.33
"208","11","2015","DES MOINES","SCOTCH WHISKIES","5127","Price Chopper  /  Ingersoll",8.72727272727273,64,1202.5,1295.45454545455,153.51,230.55,21.38
"209","11","2015","DES MOINES","SCOTCH WHISKIES","5128","Price Chopper  /  Beaver",10.2857142857143,37,656.9,1035.71428571429,88.28,132.45,10.48
"210","11","2015","DES MOINES","SCOTCH WHISKIES","5129","Cash Saver  /  Fleur",7.2,36,771.3,1550,80.55,120.85,13.46
"211","11","2015","DES MOINES","SCOTCH WHISKIES","5131","Oasis",16,18,497.1,625,44.48,66.73,3.27
"212","11","2015","DES MOINES","SCOTCH WHISKIES","5145","South Side Food Mart",13.7142857142857,61,1339.99,785.714285714286,100.66,151.02,12.19
"213","11","2015","DES MOINES","SINGLE BARREL BOURBON WHISKIES","2190","Central City Liquor, Inc.",5.25,18,683.26,750,114.91,173.38,3.57
"214","11","2015","DES MOINES","SINGLE BARREL BOURBON WHISKIES","2248","Ingersoll Liquor and Beverage",5,13,400.28,750,94.11,141.68,2.58
"215","11","2015","DES MOINES","SINGLE BARREL BOURBON WHISKIES","2527","Hy-Vee Food Store #5 / Des Moines",6,2,78.72,750,26.24,39.36,0.4
"216","11","2015","DES MOINES","SINGLE BARREL BOURBON WHISKIES","2561","Hy-Vee Food Store / Fleur / DSM",6,8,224.48,750,34.14,51.72,1.59
"217","11","2015","DES MOINES","SINGLE BARREL BOURBON WHISKIES","2626","Hy-Vee Drugstore / University / DSM",6,6,236.16,750,26.24,39.36,1.19
"218","11","2015","DES MOINES","SINGLE BARREL BOURBON WHISKIES","2633","Hy-Vee #3 / BDI / Des Moines",4.5,7,271.52,750,80.14,120.22,1.39
"219","11","2015","DES MOINES","SINGLE BARREL BOURBON WHISKIES","3678","Smoke Shop, The",6,2,42.92,750,13.97,21.46,0.4
"220","11","2015","DES MOINES","SINGLE BARREL BOURBON WHISKIES","4829","Central City 2",4.5,7,244.4,750,77.13,115.7,1.39
"221","11","2015","DES MOINES","STRAIGHT BOURBON WHISKIES","2190","Central City Liquor, Inc.",11.3928571428571,468,7502.91,818.75,1045.11,1568.12,98.96
"222","11","2015","DES MOINES","STRAIGHT BOURBON WHISKIES","2248","Ingersoll Liquor and Beverage",11.5862068965517,218,4307.45,779.310344827586,434.68,653.58,37.83
"223","11","2015","DES MOINES","STRAIGHT BOURBON WHISKIES","2527","Hy-Vee Food Store #5 / Des Moines",10.8,201,2691.76,945,274.67,412.3,46.17
"224","11","2015","DES MOINES","STRAIGHT BOURBON WHISKIES","2528","Hy-Vee Food Store #3 / Des Moines",10.0754716981132,365,5721.89,816.037735849057,635.44,954.53,79.1
"225","11","2015","DES MOINES","STRAIGHT BOURBON WHISKIES","2532","Hy-Vee Food Store #2 / Des Moines",9.51724137931035,267,4158.57,1094.8275862069,315.66,474.81,71.07
"226","11","2015","DES MOINES","STRAIGHT BOURBON WHISKIES","2561","Hy-Vee Food Store / Fleur / DSM",12.0967741935484,484,9656.92,864.516129032258,837.1,1256.31,115.08
"227","11","2015","DES MOINES","STRAIGHT BOURBON WHISKIES","2626","Hy-Vee Drugstore / University / DSM",12.8947368421053,770,10709.77,827.19298245614,694.84,1045.4,129.51
"228","11","2015","DES MOINES","STRAIGHT BOURBON WHISKIES","2627","Hy-Vee Wine and Spirits #1",12.75,160,1762.84,857.291666666667,266.39,399.89,26.98
"229","11","2015","DES MOINES","STRAIGHT BOURBON WHISKIES","2633","Hy-Vee #3 / BDI / Des Moines",9.83333333333333,1961,38945.46,851.851851851852,1640.44,2467.91,483.05
"230","11","2015","DES MOINES","STRAIGHT BOURBON WHISKIES","2636","Hy-Vee Wine and Spirits / Hubbell",9.71428571428571,171,2623.27,1059.52380952381,247.84,372.07,47.21
"231","11","2015","DES MOINES","STRAIGHT BOURBON WHISKIES","2850","CVS / Pharmacy #10161 / Des Moines",9,9,236.16,1250,31.48,47.23,3.36
"232","11","2015","DES MOINES","STRAIGHT BOURBON WHISKIES","2852","CVS Pharmacy #10329 / Merle Hay",12,12,211.44,750,23.49,35.24,2.38
"233","11","2015","DES MOINES","STRAIGHT BOURBON WHISKIES","3400","Last Stop Beverage Shop",12,96,1245,859.375,92.92,139.4,19.03
"234","11","2015","DES MOINES","STRAIGHT BOURBON WHISKIES","3678","Smoke Shop, The",8.33333333333333,38,707.36,1083.33333333333,141.8,212.97,11.22
"235","11","2015","DES MOINES","STRAIGHT BOURBON WHISKIES","3696","Wal-Mart 1723 / Des Moines",12,12,73.8,750,4.1,6.15,2.38
"236","11","2015","DES MOINES","STRAIGHT BOURBON WHISKIES","3772","Shop N Save #1 / Mlk Pkwy",12,12,196.56,500,10.92,16.38,1.59
"237","11","2015","DES MOINES","STRAIGHT BOURBON WHISKIES","3778","Family Pantry",24,8,59.76,375,9.96,14.94,0.8
"238","11","2015","DES MOINES","STRAIGHT BOURBON WHISKIES","3785","Southside Tobacco and Liquor",17,58,488.96,700,33.72,50.84,10.13
"239","11","2015","DES MOINES","STRAIGHT BOURBON WHISKIES","3825","Shop N Save #2 / E 14th",12,5,92.21,750,20.97,31.46,0.99
"240","11","2015","DES MOINES","STRAIGHT BOURBON WHISKIES","3877","Target Store T-2041 / Des Moines",12,24,377.76,750,20.98,31.48,4.76
"241","11","2015","DES MOINES","STRAIGHT BOURBON WHISKIES","4057","Tequila's Liquor Store",10.5,8,155.02,812.5,57.18,85.78,1.79
"242","11","2015","DES MOINES","STRAIGHT BOURBON WHISKIES","4062","H and A Mini Mart Corp",14,8,98.8,458.333333333333,48.69,73.04,0.95
"243","11","2015","DES MOINES","STRAIGHT BOURBON WHISKIES","4140","Fareway Stores #900 / Euclid",12,33,433.5,687.5,65.82,98.75,6.35
"244","11","2015","DES MOINES","STRAIGHT BOURBON WHISKIES","4141","Fareway Stores #975 / SE 22nd / DSM",10.2857142857143,31,461.87,928.571428571429,56.06,84.11,9.1
"245","11","2015","DES MOINES","STRAIGHT BOURBON WHISKIES","4186","H and A Mini Mart / Phillips 66",14.4,29,243.73,500,41.68,62.54,3.04
"246","11","2015","DES MOINES","STRAIGHT BOURBON WHISKIES","4273","Smokin' Joe's #4 Tobacco and Liquor",20,35,313.17,526.666666666667,109.41,164.15,4.64
"247","11","2015","DES MOINES","STRAIGHT BOURBON WHISKIES","4295","Nat Food Mart #1 / Hubbell",18,4,38.15,562.5,15.47,23.21,0.5
"248","11","2015","DES MOINES","STRAIGHT BOURBON WHISKIES","4301","Sahota Food Mart",12,12,134.52,750,7.47,11.21,2.38
"249","11","2015","DES MOINES","STRAIGHT BOURBON WHISKIES","4343","Best Food Mart / Des Moines",12,5,30.75,750,4.1,6.15,0.99
"250","11","2015","DES MOINES","STRAIGHT BOURBON WHISKIES","4361","Quik Trip #538 / NW 2nd / DSM",14.4,15,128.9,450,31.72,47.6,1.61
"251","11","2015","DES MOINES","STRAIGHT BOURBON WHISKIES","4377","Quik Trip #562 / NE 14th / DSM",12,12,117.78,437.5,26.16,39.26,1.39
"252","11","2015","DES MOINES","STRAIGHT BOURBON WHISKIES","4478","U S Gas",11.6,61,936.48,800,155.63,233.75,13.39
"253","11","2015","DES MOINES","STRAIGHT BOURBON WHISKIES","4511","Super Quick / SE 30 DM",28,18,116.27,441.666666666667,14.55,21.83,1.62
"254","11","2015","DES MOINES","STRAIGHT BOURBON WHISKIES","4594","Quik Trip #554 / SW 63rd DM",18,14,115.7,437.5,11.81,17.72,1.52
"255","11","2015","DES MOINES","STRAIGHT BOURBON WHISKIES","4595","Quik Trip #559 / Fleur Dr DM",16,38,312.34,416.666666666667,18.06,27.1,3.83
"256","11","2015","DES MOINES","STRAIGHT BOURBON WHISKIES","4596","Quik Trip #534 / E University DM",24,37,302.68,377.777777777778,48.5,72.78,3.81
"257","11","2015","DES MOINES","STRAIGHT BOURBON WHISKIES","4597","Quik Trip #523 / Army Post DM",24,10,75.56,393.75,22.05,33.09,0.96
"258","11","2015","DES MOINES","STRAIGHT BOURBON WHISKIES","4599","Quik Trip #500 / Hubbell DM",18,21,167.99,437.5,35.43,53.16,2.21
"259","11","2015","DES MOINES","STRAIGHT BOURBON WHISKIES","4600","Kum & Go #207 / Hubbell DM",24,24,179.28,375,4.98,7.47,2.38
"260","11","2015","DES MOINES","STRAIGHT BOURBON WHISKIES","4601","Kum & Go #4110 / Guthrie DM",20,13,138.46,500,20.45,30.68,1.79
"261","11","2015","DES MOINES","STRAIGHT BOURBON WHISKIES","4617","Lickety Liquor",21.5,199,1091.11,668.75,101.57,152.4,14.33
"262","11","2015","DES MOINES","STRAIGHT BOURBON WHISKIES","4622","Quik Trip #544 / SE 14th DM",16,10,84.08,416.666666666667,18.06,27.1,1.05
"263","11","2015","DES MOINES","STRAIGHT BOURBON WHISKIES","4641","Kum & Go #573 / SE 14th DM",16.5,23,210.52,484.375,52.75,79.15,2.72
"264","11","2015","DES MOINES","STRAIGHT BOURBON WHISKIES","4669","Vom Fass / Des Moines",6,6,81.48,200,9.05,13.58,0.32
"265","11","2015","DES MOINES","STRAIGHT BOURBON WHISKIES","4795","Walgreens #00359 / Des Moines",10,30,720.3,750,49.06,73.6,5.95
"266","11","2015","DES MOINES","STRAIGHT BOURBON WHISKIES","4796","Walgreens #04714 / Des Moines",9,18,228.96,1250,17.96,26.95,5.15
"267","11","2015","DES MOINES","STRAIGHT BOURBON WHISKIES","4800","Walgreens #07968 / Des Moines",6,6,80.16,1750,8.74,13.36,2.77
"268","11","2015","DES MOINES","STRAIGHT BOURBON WHISKIES","4801","Walgreens #05852 / Des Moines",9,22,364.34,1000,47.82,71.99,4.89
"269","11","2015","DES MOINES","STRAIGHT BOURBON WHISKIES","4802","Walgreens #07452 / Des Moines",9.42857142857143,78,1210.98,1178.57142857143,77.45,116.45,20.21
"270","11","2015","DES MOINES","STRAIGHT BOURBON WHISKIES","4803","Walgreens #07453 / Des Moines",10,30,585.6,1083.33333333333,37.77,56.67,7.53
"271","11","2015","DES MOINES","STRAIGHT BOURBON WHISKIES","4804","Walgreens #07833 / Des Moines",9,18,351.78,750,28.59,42.89,3.57
"272","11","2015","DES MOINES","STRAIGHT BOURBON WHISKIES","4829","Central City 2",9.54878048780488,1704,35818.26,847.560975609756,1362.12,2049.35,417.74
"273","11","2015","DES MOINES","STRAIGHT BOURBON WHISKIES","4942","East Village Pantry",18,36,313.8,562.5,12.45,18.68,4.76
"274","11","2015","DES MOINES","STRAIGHT BOURBON WHISKIES","4997","Downtown Pantry",13.2,66,771.84,875,45.37,68.07,12.29
"275","11","2015","DES MOINES","STRAIGHT BOURBON WHISKIES","5051","Oasis",13.2,42,500.68,825,53.43,80.16,6.14
"276","11","2015","DES MOINES","STRAIGHT BOURBON WHISKIES","5057","Kum & Go #535 / Des Moines",16,19,243.95,541.666666666667,22.3,33.46,3.1
"277","11","2015","DES MOINES","STRAIGHT BOURBON WHISKIES","5125","Cash Saver  /  E Euclid Ave",8.4,126,1882.62,1258.33333333333,162.12,243.96,36.44
"278","11","2015","DES MOINES","STRAIGHT BOURBON WHISKIES","5126","Price Chopper  /  Merle Hay",10.8571428571429,150,2371,892.857142857143,237.25,356.2,36.06
"279","11","2015","DES MOINES","STRAIGHT BOURBON WHISKIES","5127","Price Chopper  /  Ingersoll",9.54545454545454,188,3183.7,1000,289.05,435.12,46.76
"280","11","2015","DES MOINES","STRAIGHT BOURBON WHISKIES","5128","Price Chopper  /  Beaver",10.5,90,1390.41,1135.41666666667,135.67,204.04,25.14
"281","11","2015","DES MOINES","STRAIGHT BOURBON WHISKIES","5129","Cash Saver  /  Fleur",8.4,84,1286.1,1350,107.79,161.95,26.14
"282","11","2015","DES MOINES","STRAIGHT BOURBON WHISKIES","5131","Oasis",12,14,215.32,437.5,17.17,25.76,1.79
"283","11","2015","DES MOINES","STRAIGHT BOURBON WHISKIES","5132","Phillips 66",16,16,198.77,589.583333333333,103.23,154.89,2.38
"284","11","2015","DES MOINES","STRAIGHT BOURBON WHISKIES","5137","Shop N Save  /  NW 2nd  DSM",12,3,47.22,750,10.49,15.74,0.59
"285","11","2015","DES MOINES","STRAIGHT BOURBON WHISKIES","5145","South Side Food Mart",18.6666666666667,86,774.57,850,71.56,107.62,13.66
"286","11","2015","DES MOINES","STRAIGHT BOURBON WHISKIES","5169","AV Superstop",12,3,30.75,500,13.66,20.5,0.39
"287","11","2015","DES MOINES","STRAIGHT RYE WHISKIES","2190","Central City Liquor, Inc.",7.63636363636364,46,1156.96,750,191.25,286.89,9.14
"288","11","2015","DES MOINES","STRAIGHT RYE WHISKIES","2248","Ingersoll Liquor and Beverage",6,41,1118.31,750,71.64,107.47,8.12
"289","11","2015","DES MOINES","STRAIGHT RYE WHISKIES","2527","Hy-Vee Food Store #5 / Des Moines",6,12,325.68,750,36.18,54.28,2.38
"290","11","2015","DES MOINES","STRAIGHT RYE WHISKIES","2528","Hy-Vee Food Store #3 / Des Moines",6,10,276.66,750,56.03,84.05,1.99
"291","11","2015","DES MOINES","STRAIGHT RYE WHISKIES","2532","Hy-Vee Food Store #2 / Des Moines",6,6,162.84,750,18.09,27.14,1.19
"292","11","2015","DES MOINES","STRAIGHT RYE WHISKIES","2561","Hy-Vee Food Store / Fleur / DSM",7.2,36,821.88,750,81.83,122.77,7.14
"293","11","2015","DES MOINES","STRAIGHT RYE WHISKIES","2626","Hy-Vee Drugstore / University / DSM",9,94,2402.7,750,100.16,150.26,18.64
"294","11","2015","DES MOINES","STRAIGHT RYE WHISKIES","2633","Hy-Vee #3 / BDI / Des Moines",9,429,11340.54,750,193.54,290.34,85.01
"295","11","2015","DES MOINES","STRAIGHT RYE WHISKIES","2636","Hy-Vee Wine and Spirits / Hubbell",9,8,202.2,750,31.21,46.82,1.59
"296","11","2015","DES MOINES","STRAIGHT RYE WHISKIES","3678","Smoke Shop, The",6,2,50.82,750,16.94,25.41,0.4
"297","11","2015","DES MOINES","STRAIGHT RYE WHISKIES","3696","Wal-Mart 1723 / Des Moines",6,6,162.84,750,18.09,27.14,1.19
"298","11","2015","DES MOINES","STRAIGHT RYE WHISKIES","4057","Tequila's Liquor Store",6,1,27.14,750,18.09,27.14,0.2
"299","11","2015","DES MOINES","STRAIGHT RYE WHISKIES","4140","Fareway Stores #900 / Euclid",6,6,162.84,750,18.09,27.14,1.19
"300","11","2015","DES MOINES","STRAIGHT RYE WHISKIES","4295","Nat Food Mart #1 / Hubbell",12,2,50.26,750,16.75,25.13,0.4
"301","11","2015","DES MOINES","STRAIGHT RYE WHISKIES","4361","Quik Trip #538 / NW 2nd / DSM",6,6,162.84,750,18.09,27.14,1.19
"302","11","2015","DES MOINES","STRAIGHT RYE WHISKIES","4594","Quik Trip #554 / SW 63rd DM",6,6,162.84,750,18.09,27.14,1.19
"303","11","2015","DES MOINES","STRAIGHT RYE WHISKIES","4617","Lickety Liquor",6,2,54.28,750,18.09,27.14,0.4
"304","11","2015","DES MOINES","STRAIGHT RYE WHISKIES","4796","Walgreens #04714 / Des Moines",6,6,162.84,750,18.09,27.14,1.19
"305","11","2015","DES MOINES","STRAIGHT RYE WHISKIES","4802","Walgreens #07452 / Des Moines",6,12,325.68,750,36.18,54.28,2.38
"306","11","2015","DES MOINES","STRAIGHT RYE WHISKIES","4829","Central City 2",9.27272727272727,246,6453.56,750,184.27,276.45,48.77
"307","11","2015","DES MOINES","STRAIGHT RYE WHISKIES","4997","Downtown Pantry",6,6,162.84,750,18.09,27.14,1.19
"308","11","2015","DES MOINES","STRAIGHT RYE WHISKIES","5057","Kum & Go #535 / Des Moines",6,6,162.84,750,18.09,27.14,1.19
"309","11","2015","DES MOINES","STRAIGHT RYE WHISKIES","5126","Price Chopper  /  Merle Hay",12,4,78.72,750,13.12,19.68,0.79
"310","11","2015","DES MOINES","STRAIGHT RYE WHISKIES","5127","Price Chopper  /  Ingersoll",12,16,380.28,750,29.87,44.81,3.17
"311","11","2015","DES MOINES","STRAIGHT RYE WHISKIES","5128","Price Chopper  /  Beaver",6,8,220.36,750,37.26,55.9,1.59
"312","11","2015","DES MOINES","STRAIGHT RYE WHISKIES","5129","Cash Saver  /  Fleur",6,6,162.84,750,18.09,27.14,1.19
"313","11","2015","DES MOINES","STRAIGHT RYE WHISKIES","5145","South Side Food Mart",6,6,162.84,750,18.09,27.14,1.19
"314","11","2015","DES MOINES","TENNESSEE WHISKIES","2190","Central City Liquor, Inc.",24,118,1582.84,625,164.08,246.17,15.29
"315","11","2015","DES MOINES","TENNESSEE WHISKIES","2248","Ingersoll Liquor and Beverage",20,59,1072.87,563.888888888889,97.65,146.5,9.92
"316","11","2015","DES MOINES","TENNESSEE WHISKIES","2527","Hy-Vee Food Store #5 / Des Moines",11.3333333333333,40,873.68,750,105.56,158.35,9.24
"317","11","2015","DES MOINES","TENNESSEE WHISKIES","2528","Hy-Vee Food Store #3 / Des Moines",12,104,1678.86,739.583333333333,151.83,227.77,18.11
"318","11","2015","DES MOINES","TENNESSEE WHISKIES","2532","Hy-Vee Food Store #2 / Des Moines",16.2352941176471,170,2903.87,722.058823529412,232.96,349.5,26.46
"319","11","2015","DES MOINES","TENNESSEE WHISKIES","2561","Hy-Vee Food Store / Fleur / DSM",10.8,100,1884.84,800,196.02,294.05,21.53
"320","11","2015","DES MOINES","TENNESSEE WHISKIES","2626","Hy-Vee Drugstore / University / DSM",13.3636363636364,266,4103.04,664.772727272727,269.99,405.04,41.98
"321","11","2015","DES MOINES","TENNESSEE WHISKIES","2627","Hy-Vee Wine and Spirits #1",27.4285714285714,152,757.3,414.285714285714,50.82,76.24,8.58
"322","11","2015","DES MOINES","TENNESSEE WHISKIES","2633","Hy-Vee #3 / BDI / Des Moines",11.5,956,26502.72,1000,223.72,335.59,252.02
"323","11","2015","DES MOINES","TENNESSEE WHISKIES","2636","Hy-Vee Wine and Spirits / Hubbell",12.8571428571429,218,4046.46,758.928571428571,178.99,268.49,43.07
"324","11","2015","DES MOINES","TENNESSEE WHISKIES","3400","Last Stop Beverage Shop",28,84,828.12,441.666666666667,26.3,39.46,7.3
"325","11","2015","DES MOINES","TENNESSEE WHISKIES","3678","Smoke Shop, The",12,28,515.23,600,58,87.01,4.63
"326","11","2015","DES MOINES","TENNESSEE WHISKIES","3696","Wal-Mart 1723 / Des Moines",10.5,42,1081.02,1000,74.88,112.34,9.91
"327","11","2015","DES MOINES","TENNESSEE WHISKIES","3772","Shop N Save #1 / Mlk Pkwy",24,24,252,375,7,10.5,2.38
"328","11","2015","DES MOINES","TENNESSEE WHISKIES","3778","Family Pantry",25.5,32,321.22,393.75,59.91,89.89,2.99
"329","11","2015","DES MOINES","TENNESSEE WHISKIES","3785","Southside Tobacco and Liquor",14.25,47,672.97,859.375,123.74,185.62,6.54
"330","11","2015","DES MOINES","TENNESSEE WHISKIES","3825","Shop N Save #2 / E 14th",22.8,32,559.18,640,56.73,85.11,5.56
"331","11","2015","DES MOINES","TENNESSEE WHISKIES","3877","Target Store T-2041 / Des Moines",12,24,542.64,750,30.14,45.22,4.76
"332","11","2015","DES MOINES","TENNESSEE WHISKIES","4057","Tequila's Liquor Store",9,7,223.97,1250,89.48,134.24,2.18
"333","11","2015","DES MOINES","TENNESSEE WHISKIES","4062","H and A Mini Mart Corp",12,11,230.67,678.571428571429,93.47,140.23,2.05
"334","11","2015","DES MOINES","TENNESSEE WHISKIES","4140","Fareway Stores #900 / Euclid",6,6,267.06,1750,29.67,44.51,2.77
"335","11","2015","DES MOINES","TENNESSEE WHISKIES","4141","Fareway Stores #975 / SE 22nd / DSM",12,1,7.2,500,4.8,7.2,0.13
"336","11","2015","DES MOINES","TENNESSEE WHISKIES","4186","H and A Mini Mart / Phillips 66",18,4,45.09,437.5,16.06,24.09,0.43
"337","11","2015","DES MOINES","TENNESSEE WHISKIES","4273","Smokin' Joe's #4 Tobacco and Liquor",18.6666666666667,39,352.05,458.333333333333,68.04,102.08,4.91
"338","11","2015","DES MOINES","TENNESSEE WHISKIES","4295","Nat Food Mart #1 / Hubbell",15,9,158.23,708.333333333333,76.63,114.96,1.52
"339","11","2015","DES MOINES","TENNESSEE WHISKIES","4343","Best Food Mart / Des Moines",16,33,428.43,541.666666666667,31.13,46.7,3.97
"340","11","2015","DES MOINES","TENNESSEE WHISKIES","4361","Quik Trip #538 / NW 2nd / DSM",30,18,201.18,350,13.29,19.94,1.91
"341","11","2015","DES MOINES","TENNESSEE WHISKIES","4377","Quik Trip #562 / NE 14th / DSM",27,70,782.1,371.875,55.7,83.57,7.5
"342","11","2015","DES MOINES","TENNESSEE WHISKIES","4478","U S Gas",18,13,197.05,562.5,44.14,66.22,1.79
"343","11","2015","DES MOINES","TENNESSEE WHISKIES","4511","Super Quick / SE 30 DM",22,107,867.38,433.333333333333,48.93,73.4,8.31
"344","11","2015","DES MOINES","TENNESSEE WHISKIES","4594","Quik Trip #554 / SW 63rd DM",12,3,40.77,500,9.06,13.59,0.4
"345","11","2015","DES MOINES","TENNESSEE WHISKIES","4595","Quik Trip #559 / Fleur Dr DM",12,4,54.36,500,9.06,13.59,0.53
"346","11","2015","DES MOINES","TENNESSEE WHISKIES","4596","Quik Trip #534 / E University DM",32.5714285714286,40,340.49,317.857142857143,42.06,63.12,3.14
"347","11","2015","DES MOINES","TENNESSEE WHISKIES","4597","Quik Trip #523 / Army Post DM",22,18,188.22,408.333333333333,44.95,67.44,1.79
"348","11","2015","DES MOINES","TENNESSEE WHISKIES","4598","Quik Trip #501 / E Euclid DM",12,12,163.08,500,9.06,13.59,1.59
"349","11","2015","DES MOINES","TENNESSEE WHISKIES","4599","Quik Trip #500 / Hubbell DM",20.5714285714286,24,283.48,421.428571428571,54.01,81.03,2.73
"350","11","2015","DES MOINES","TENNESSEE WHISKIES","4600","Kum & Go #207 / Hubbell DM",16,39,482.91,541.666666666667,31.13,46.7,4.56
"351","11","2015","DES MOINES","TENNESSEE WHISKIES","4601","Kum & Go #4110 / Guthrie DM",20,16,252.77,500,29.07,43.61,2.29
"352","11","2015","DES MOINES","TENNESSEE WHISKIES","4603","Kum & Go #208 / SE 14th DM",12,4,54.36,500,9.06,13.59,0.53
"353","11","2015","DES MOINES","TENNESSEE WHISKIES","4617","Lickety Liquor",19.5,106,1010.46,587.5,90.42,135.66,9.28
"354","11","2015","DES MOINES","TENNESSEE WHISKIES","4622","Quik Trip #544 / SE 14th DM",28.5,32,295.41,356.25,53.41,80.14,2.74
"355","11","2015","DES MOINES","TENNESSEE WHISKIES","4641","Kum & Go #573 / SE 14th DM",12,9,176.43,625,48.26,72.4,1.57
"356","11","2015","DES MOINES","TENNESSEE WHISKIES","4795","Walgreens #00359 / Des Moines",6,6,267.06,1750,29.67,44.51,2.77
"357","11","2015","DES MOINES","TENNESSEE WHISKIES","4796","Walgreens #04714 / Des Moines",12,12,271.32,750,15.07,22.61,2.38
"358","11","2015","DES MOINES","TENNESSEE WHISKIES","4799","Walgreens #05777 / Des Moines",12,6,135.66,750,15.07,22.61,1.19
"359","11","2015","DES MOINES","TENNESSEE WHISKIES","4800","Walgreens #07968 / Des Moines",12,24,542.64,750,30.14,45.22,4.76
"360","11","2015","DES MOINES","TENNESSEE WHISKIES","4801","Walgreens #05852 / Des Moines",12,24,542.64,750,45.21,67.83,4.76
"361","11","2015","DES MOINES","TENNESSEE WHISKIES","4802","Walgreens #07452 / Des Moines",12,24,542.64,750,30.14,45.22,4.76
"362","11","2015","DES MOINES","TENNESSEE WHISKIES","4803","Walgreens #07453 / Des Moines",12,36,813.96,750,45.21,67.83,7.14
"363","11","2015","DES MOINES","TENNESSEE WHISKIES","4804","Walgreens #07833 / Des Moines",12,12,271.32,750,15.07,22.61,2.38
"364","11","2015","DES MOINES","TENNESSEE WHISKIES","4829","Central City 2",11.4285714285714,1450,40135.98,1011.90476190476,390.67,586.02,383.96
"365","11","2015","DES MOINES","TENNESSEE WHISKIES","4926","GS Super Stop",26,13,143.57,775,40.67,61.02,1.37
"366","11","2015","DES MOINES","TENNESSEE WHISKIES","4997","Downtown Pantry",14,42,790.38,958.333333333333,51.74,77.62,7.53
"367","11","2015","DES MOINES","TENNESSEE WHISKIES","5057","Kum & Go #535 / Des Moines",12,4,54.36,500,36.24,54.36,0.52
"368","11","2015","DES MOINES","TENNESSEE WHISKIES","5125","Cash Saver  /  E Euclid Ave",18,36,515.16,562.5,21.84,32.77,4.76
"369","11","2015","DES MOINES","TENNESSEE WHISKIES","5126","Price Chopper  /  Merle Hay",12,38,847.38,750,73.78,110.69,7.53
"370","11","2015","DES MOINES","TENNESSEE WHISKIES","5127","Price Chopper  /  Ingersoll",12,8,150,750,25,37.5,1.58
"371","11","2015","DES MOINES","TENNESSEE WHISKIES","5128","Price Chopper  /  Beaver",16,18,270.93,541.666666666667,62.26,93.4,2.48
"372","11","2015","DES MOINES","TENNESSEE WHISKIES","5129","Cash Saver  /  Fleur",12,17,473.29,750,35.08,52.63,3.37
"373","11","2015","DES MOINES","TENNESSEE WHISKIES","5131","Oasis",16.8,18,249.8,500,47.19,70.79,2.3
"374","11","2015","DES MOINES","TENNESSEE WHISKIES","5132","Phillips 66",12,4,63.38,562.5,42.25,63.38,0.59
"375","11","2015","DES MOINES","TENNESSEE WHISKIES","5145","South Side Food Mart",9.6,52,1222.04,1100,98.54,147.83,11.88
"376","11","2015","DES MOINES","TENNESSEE WHISKIES","5169","AV Superstop",14.4,13,196.63,575,51,76.51,1.91
